-- phpMyAdmin SQL Dump
-- version 4.9.2
-- https://www.phpmyadmin.net/
--
-- Hôte : localhost:1433
-- Généré le :  Dim 30 août 2020 à 18:45
-- Version du serveur :  10.4.10-MariaDB
-- Version de PHP :  7.3.12

SET SQL_MODE = "NO_AUTO_VALUE_ON_ZERO";
SET AUTOCOMMIT = 0;
START TRANSACTION;
SET time_zone = "+00:00";


/*!40101 SET @OLD_CHARACTER_SET_CLIENT=@@CHARACTER_SET_CLIENT */;
/*!40101 SET @OLD_CHARACTER_SET_RESULTS=@@CHARACTER_SET_RESULTS */;
/*!40101 SET @OLD_COLLATION_CONNECTION=@@COLLATION_CONNECTION */;
/*!40101 SET NAMES utf8mb4 */;

--
-- Base de données :  `library`
--

-- --------------------------------------------------------

--
-- Structure de la table `admin`
--

CREATE TABLE `admin` (
  `id` int(100) NOT NULL,
  `first` varchar(100) NOT NULL,
  `last` varchar(100) NOT NULL,
  `username` varchar(100) NOT NULL,
  `password` varchar(100) NOT NULL,
  `email` varchar(100) NOT NULL,
  `contact` varchar(100) NOT NULL,
  `pic` varchar(100) NOT NULL
) ENGINE=InnoDB DEFAULT CHARSET=latin1;

--
-- Déchargement des données de la table `admin`
--

INSERT INTO `admin` (`id`, `first`, `last`, `username`, `password`, `email`, `contact`, `pic`) VALUES
(1, 'Mr.', 'Abdul', 'Hamid', '123456', 'mr.hamid@gmail.com', '12345678', 'p.jpg'),
(2, 'Nobonita', 'Das', 'Nobonita', '111111', 'nobonita@gmail.com', '012345678', '4881.jpg'),
(3, 'Mr.', 'X', 'X', '222222', 'samiarahman@gmail.com', '133446557', 'p.jpg'),
(4, 'aa', 'aa', 'aa', 'aa', 'aa', '05464744', 'p.jpg');

-- --------------------------------------------------------

--
-- Structure de la table `books`
--

CREATE TABLE `books` (
  `bid` int(100) NOT NULL,
  `name` varchar(100) NOT NULL,
  `authors` varchar(100) NOT NULL,
  `edition` varchar(100) NOT NULL,
  `status` varchar(100) NOT NULL,
  `quantity` int(100) NOT NULL,
  `department` varchar(100) NOT NULL
) ENGINE=InnoDB DEFAULT CHARSET=latin1;

--
-- Déchargement des données de la table `books`
--

INSERT INTO `books` (`bid`, `name`, `authors`, `edition`, `status`, `quantity`, `department`) VALUES
(1, 'Principal of electronics', 'V.K. Mehta, Rohit Mehta', '3rd', 'Available', 3, 'EEE'),
(2, 'The Complete Reference C++', 'Herbert Schildt', '4th', 'Available', 4, 'CSE'),
(3, 'Data Structure', 'Seymour Lipschutz', '4th', 'Available', 4, 'ECE');

-- --------------------------------------------------------

--
-- Structure de la table `comments`
--

CREATE TABLE `comments` (
  `id` int(50) NOT NULL,
  `username` varchar(100) NOT NULL,
  `comment` varchar(500) NOT NULL
) ENGINE=InnoDB DEFAULT CHARSET=latin1;

--
-- Déchargement des données de la table `comments`
--

INSERT INTO `comments` (`id`, `username`, `comment`) VALUES
(5, 'Promi', 'hello!'),
(16, 'Afifa', 'There is no books of ETE department.When will it be available?'),
(17, 'Admin', 'Hi! which book do you need Afifa. Please let us know.'),
(18, '', 'hello! '),
(19, 'Promi', 'Hi! which book do you need Afifa. Please let us know.'),
(20, 'Admin', 'enjoy reading books');

-- --------------------------------------------------------

--
-- Structure de la table `fine`
--

CREATE TABLE `fine` (
  `username` varchar(100) NOT NULL,
  `bid` int(100) NOT NULL,
  `returned` varchar(100) NOT NULL,
  `day` int(50) NOT NULL,
  `fine` double NOT NULL,
  `status` varchar(100) NOT NULL
) ENGINE=InnoDB DEFAULT CHARSET=latin1;

--
-- Déchargement des données de la table `fine`
--

INSERT INTO `fine` (`username`, `bid`, `returned`, `day`, `fine`, `status`) VALUES
('Promi', 1, '2019-05-21', 31, 3.1, 'not paid'),
('Afifa', 1, '2019-05-21', 1, 0.1, 'not paid');

-- --------------------------------------------------------

--
-- Structure de la table `issue_book`
--

CREATE TABLE `issue_book` (
  `username` varchar(100) NOT NULL,
  `bid` int(100) NOT NULL,
  `approve` varchar(100) NOT NULL,
  `issue` varchar(100) NOT NULL,
  `return` varchar(100) NOT NULL
) ENGINE=InnoDB DEFAULT CHARSET=latin1;

--
-- Déchargement des données de la table `issue_book`
--

INSERT INTO `issue_book` (`username`, `bid`, `approve`, `issue`, `return`) VALUES
('Promi', 3, '<p style=\"color:yellow; background-color:red;\">EXPIRED</p>', '2019-04-22', '2019-05-16'),
('Promi', 1, '<p style=\"color:yellow; background-color:green;\">RETURNED</p>', '2019-03-20', '2019-04-20'),
('Promi', 2, '<p style=\"color:yellow; background-color:green;\">RETURNED</p>', '2019-01-30', '2019-02-28'),
('Afifa', 1, '<p style=\"color:yellow; background-color:green;\">RETURNED</p>', '2019-04-20', '2019-05-20'),
('Afifa', 2, '<p style=\"color:yellow; background-color:green;\">RETURNED</p>', '2019-02-20', '2019-02-10'),
('Afifa', 1, '', '', '');

-- --------------------------------------------------------

--
-- Structure de la table `student`
--

CREATE TABLE `student` (
  `first` varchar(100) NOT NULL,
  `last` varchar(100) NOT NULL,
  `username` varchar(100) NOT NULL,
  `password` varchar(100) NOT NULL,
  `roll` int(100) NOT NULL,
  `email` varchar(100) NOT NULL,
  `contact` varchar(100) NOT NULL,
  `pic` varchar(100) NOT NULL,
  `donate` int(10) NOT NULL
) ENGINE=InnoDB DEFAULT CHARSET=latin1;

--
-- Déchargement des données de la table `student`
--

INSERT INTO `student` (`first`, `last`, `username`, `password`, `roll`, `email`, `contact`, `pic`, `donate`) VALUES
('Afia', 'Abida', 'Promi', '111111', 1, 'afia1@gmail.com', '000000000', '7996_3d_modeling_5.jpg', 0),
('sanzida', 'mou', 'Mim', '555555', 324, 'mim@gmail.com', '53454', 'p.jpg', 0),
('Mr.', 'Rahman', 'Rahman', '212324', 1510016, 'samiarahman@gmail.com', '123456', 'p.jpg', 0),
('Sumaiya', 'Shimu', 'Shimu1', '987654', 1510052, 'shimu1@gmail.com', '1739000000', 'p.jpg', 0),
('Suchana', 'Pramanik', 'Suchana', '121212', 1510047, 'suchana@gmail.com', '1739000000', 'p.jpg', 0),
('Afifa ', 'Ashraf', 'Afifa', '121212', 1510047, 'afifa@gmail.com', '1739000001', 'p.jpg', 0);

--
-- Index pour les tables déchargées
--

--
-- Index pour la table `admin`
--
ALTER TABLE `admin`
  ADD PRIMARY KEY (`id`);

--
-- Index pour la table `comments`
--
ALTER TABLE `comments`
  ADD PRIMARY KEY (`id`);

--
-- AUTO_INCREMENT pour les tables déchargées
--

--
-- AUTO_INCREMENT pour la table `admin`
--
ALTER TABLE `admin`
  MODIFY `id` int(100) NOT NULL AUTO_INCREMENT, AUTO_INCREMENT=5;

--
-- AUTO_INCREMENT pour la table `comments`
--
ALTER TABLE `comments`
  MODIFY `id` int(50) NOT NULL AUTO_INCREMENT, AUTO_INCREMENT=21;
COMMIT;

/*!40101 SET CHARACTER_SET_CLIENT=@OLD_CHARACTER_SET_CLIENT */;
/*!40101 SET CHARACTER_SET_RESULTS=@OLD_CHARACTER_SET_RESULTS */;
/*!40101 SET COLLATION_CONNECTION=@OLD_COLLATION_CONNECTION */;
